﻿"","Date","Last Status Date","Tracking No","Shipper Name","Shipper Phone","Order ID","Consignee Name","Consignee Phone","Qty","Origin","Destination","Description","Special Instruction","Weight","COD Amount","Order Status","Payment Status","Receive Date","Action"
"","18 May 2022","17 May 2022","20142728","Zunash Imran","03072769744","11632","Mrs Hina Hassan","923331391378","1","Karachi","Quetta","King size bedsheet","Review at my page SHOPPING GHAR","0.5 Kg","Rs 1350","dispatch","Pending","18 May 2022","View Invoice 											 					Track Order"
"","17 May 2022","17 May 2022","20142710","Zunash Imran","03072769744","11632","Hina Hassan","923331391378","1","Karachi","Quetta","King size bedsheet","Review at my page SHOPPING GHAR","1 Kg","Rs 1350","cancelled","Pending","",""
"","02 May 2022","06 May 2022","20142435","Zunash Imran","03072769744","11632","Ainee Khan","923332877736","1","Karachi","Karachi","King siZe bedsheet","Plz give me review at my page SHOPPING GHAR #EidMubarak 🥰","1 Kg","Rs 1250","delivered","Paid","02 May 2022","View Invoice 											 					Track Order"
"","01 May 2022","06 May 2022","20142434","Zunash Imran","03072769744","11632","Nosheen","923453066469","2","Karachi","Karachi","2 king size bedsheets with two pillow covers","Plz give me review at my page: Shopping Ghar","2 Kg","Rs 2400","delivered","Paid","02 May 2022","View Invoice 											 					Track Order"
"","30 Apr 2022","06 May 2022","20142432","Zunash Imran","03072769744","11632","Maira Zain","923312028331","2","Karachi","Karachi","2 king size bedsheets","Plz give me review at my page: SHOPPING GHAR","2 Kg","Rs 0","delivered","Paid","30 Apr 2022","View Invoice 											 					Track Order"
"","30 Apr 2022","06 May 2022","20142431","Zunash Imran","03072769744","11632","Ghulam Murtaza","92305261569503332333413","2","Karachi","Karachi","2 bedsheets","Review at my page: Shopping Ghar","2 Kg","Rs 2400","delivered","Paid","30 Apr 2022","View Invoice 											 					Track Order"
"","30 Apr 2022","06 May 2022","20142430","Zunash Imran","03072769744","11632","Neelam Ahsan","923343695534","2","Karachi","Karachi","2 king size bedsheets with pillow covers","Review at my page: SHOPPING GHAR","2 Kg","Rs 2300","delivered","Paid","30 Apr 2022","View Invoice 											 					Track Order"
"","30 Apr 2022","06 May 2022","20142429","Zunash Imran","03072769744","11632","Mahwish Laeeq","923332199129","2","Karachi","Karachi","2 king size bedsheets","Plz give me review: ""Shopping Ghar""","2 Kg","Rs 2400","delivered","Paid","30 Apr 2022","View Invoice 											 					Track Order"
"","30 Apr 2022","06 May 2022","20142428","Zunash Imran","03072769744","11632","Imran Shehzad","923012049003","1","Karachi","Karachi","King Size Bedsheet with pillow cover","Plz give me review at my page: ""Shopping Ghar""","1 Kg","Rs 1250","delivered","Paid","30 Apr 2022","View Invoice 											 					Track Order"
"","30 Apr 2022","06 May 2022","20142425","Zunash Imran","03072769744","11632","Mrs. Arif","923242635846","2","Karachi","Karachi","2 king size bedsheets with pillow covers","Plz give me review at my page: ""Shopping Ghar"". #EidMubarak 🙂","2 Kg","Rs 2250","delivered","Paid","30 Apr 2022","View Invoice 											 					Track Order"
"","30 Apr 2022","06 May 2022","20142421","Zunash Imran","03072769744","11632","Sohail Qamar","923322478641","1","Karachi","Karachi","King Size Bedsheet with pillow cases","Plz give me review at my page: ""SHOPPING GHAR"" #EidMubarak 😍","1 Kg","Rs 1250","delivered","Paid","30 Apr 2022","View Invoice 											 					Track Order"
"","30 Apr 2022","06 May 2022","20142420","Zunash Imran","03072769744","11632","Hina Noman","923362240179","2","Karachi","Karachi","2 king size bedsheets with pillow cases","Plz give me review at my page: SHOPPING GHAR #EidMubarak 💕","2 Kg","Rs 2350","delivered","Paid","30 Apr 2022","View Invoice 											 					Track Order"
"","30 Apr 2022","06 May 2022","20142419","Zunash Imran","03072769744","","Shiza Sheikh","923218992095","2","Karachi","Karachi","2 king size bedsheets with pillow covers","Plz give me review at my page: ""SHOPPING GHAR"" #EidMubarak 🙂","2 Kg","Rs 2400","delivered","Paid","30 Apr 2022","View Invoice 											 					Track Order"
"","29 Apr 2022","29 Apr 2022","20142418","Zunash Imran","03072769744","","Sadam Hussain","923333748457","3","Karachi","DERA ALA YAR","3 KING SIZE BEDSHEETS WITH PILLOW COVERS","PLZ GIVE ME REVIEW AT MY PAGE : SHOPPING GHAR","3 Kg","Rs 3750","cancelled","Pending","",""
"","25 Apr 2022","19 May 2022","20142301","Zunash Imran","03072769744","","Mehmood Nawaz Khan","923356444454","3","Karachi","Gujrat","3 king size bedsheets with 2 pillow cases","Call before delivery","3 Kg","Rs 3650","delivered","Paid","25 Apr 2022","View Invoice 											 					Track Order"
"","15 Apr 2022","20 Apr 2022","20142018","Zunash Imran","03072769744","","Amber Jamal","923170107836","3","Karachi","Karachi","King Size Bedsheets","Give review at my page: Shopping Ghar","2 Kg","Rs 3250","delivered","Paid","19 Apr 2022","View Invoice 											 					Track Order"
"","14 Apr 2022","07 May 2022","20141995","Zunash Imran","03072769744","","Amir Khan","923109000598","1","Karachi","Peshawar","Frill Bedsheets","Plz give me review at my page: Shopping Ghar Ramadan Mubarak","0.5 Kg","Rs 1400","delivered","Paid","15 Apr 2022","View Invoice 											 					Track Order"
"","14 Apr 2022","16 Apr 2022","20141991","Zunash Imran","03072769744","","Bilal Zindani","923432644611","2","Karachi","Karachi","King Size bedsheets","Plz review at my page: Shopping Ghar Ramadan Mubarak Thanks","2 Kg","Rs 2150","delivered","Paid","15 Apr 2022","View Invoice 											 					Track Order"
"","13 Apr 2022","16 Apr 2022","20141962","Zunash Imran","03072769744","","Devika","923322421333","2","Karachi","Karachi","Cotton Bedsheets","Plz give me review at my page:  www.facebook.com/shoppingghar Thanks","2 Kg","Rs 2200","delivered","Paid","15 Apr 2022","View Invoice 											 					Track Order"
"","09 Apr 2022","11 Apr 2022","20141838","Zunash Imran","03072769744","","Sadia Yousuf","923353109241","3","Karachi","Karachi","3 king size bedsheets","Plz give me review at my page:  Shopping Ghar! Ramadan Mubarak 😍","2 Kg","Rs 3050","delivered","Paid","09 Apr 2022","View Invoice 											 					Track Order"
"","09 Apr 2022","12 Apr 2022","20141837","Zunash Imran","03072769744","","Beenish Moazam","923231615093","2","Karachi","Gujranwala","2 king size bedsheets","Plz give me review at my page: Shopping GharRamadan Mubarak 😍","2 Kg","Rs 2100","delivered","Paid","09 Apr 2022","View Invoice 											 					Track Order"
"","09 Apr 2022","12 Apr 2022","20141836","Zunash Imran","03072769744","","Humaira Hasham","923067777533","2","Karachi","Multan","Bedsheets (king size+ single pair)","Plz give me review at my page: Shopping GharRamadan Mubarak 😍","2.5 Kg","Rs 0","delivered","Paid","09 Apr 2022","View Invoice 											 					Track Order"
"","07 Apr 2022","11 Apr 2022","20141816","Zunash Imran","03072769744","","Mrs Mohisn","923173770699","6","Karachi","Hyderabad","Cotton bedsheets with two pillow covers","Thanks for the order #ShoppingGhar #RamadamKareem","6 Kg","Rs 0","delivered","Paid","08 Apr 2022","View Invoice 											 					Track Order"
"","06 Apr 2022","11 Apr 2022","20141780","Zunash Imran","03452381167","","Humaira Usama","923335091742","2","Karachi","Karachi","Bedsheets","","2 Kg","Rs 2000","delivered","Paid","08 Apr 2022","View Invoice 											 					Track Order"
"","03 Apr 2022","06 Apr 2022","20141717","Zunash Imran","03072769744","","Sehzad Ali","923352727849","1","Karachi","Karachi","Bedsheet","Rider phone kr k jaye","0.5 Kg","Rs 1150","delivered","Paid","04 Apr 2022","View Invoice 											 					Track Order"
"","26 Mar 2022","02 Apr 2022","20141608","Zunash Imran","03072769744","","Urooj Aqeel","923325092413","1","Karachi","Islamabad","Dress by Zeen (3 piece)","","0.5 Kg","Rs 0","delivered","Paid","26 Mar 2022","View Invoice 											 					Track Order"
"","15 Feb 2022","17 Feb 2022","20140689","Zunash Imran","03072769744","","Ahsan","923213425612","1","Karachi","Karachi","Ladies Belts","","0.5 Kg","Rs 500","delivered","Paid","16 Feb 2022","View Invoice 											 					Track Order"